T-1,0
T-2,0
T-3,0
T-4,0
T-5,0
T-6,0
T-7,0
T-8,0
T-9,0
T-10,0
T-11,0
T-12,0
T-13,0
T-14,0
T-15,0
T-16,0
T-17,0
T-18,0
T-19,0
T-20,0
T-21,0
T-22,0
T-23,0
T-24,0
T-25,0
T-26,0
T-27,0
T-28,0
T-29,0
T-30,0
T-31,0
T-32,0
T-33,0
T-34,0
T-35,0
T-36,0
T-37,0
T-38,0
T-39,0
T-40,0
T-41,0
T-42,0
T-43,0
T-44,0
T-45,0
T-46,0
T-47,0
T-48,0
T-49,0
T-50,0
T-51,0
T-52,0
T-53,0
T-54,0
T-55,0
T-56,0
T-57,0
T-58,0
T-59,0
T-60,0
T-61,0
T-62,0
T-63,0
T-64,0
T-65,0
T-66,0
T-67,0
T-68,0
T-69,0
T-70,0
T-71,0
T-72,0
T-73,0
T-74,0
T-75,0
T-76,0
T-77,0
T-78,0
T-79,0
T-80,0
T-81,0
T-82,0
T-83,0
T-84,0
T-85,0
T-86,0
T-87,0
T-88,0
T-89,0
T-90,0
T-91,0
T-92,0
T-93,0
T-94,0
T-95,0
T-96,0
T-97,0
T-98,0
T-99,0
T-100,2.92
T-101,2.9235
T-102,2.927
T-103,2.9305
T-104,2.934
T-105,2.9375
T-106,2.941
T-107,2.9445
T-108,2.948
T-109,2.9515
T-110,2.955
T-111,2.9585
T-112,2.962
T-113,2.9655
T-114,2.969
T-115,2.9725
T-116,2.976
T-117,2.9795
T-118,2.983
T-119,2.9865
T-120,2.99
T-121,2.989
T-122,2.988
T-123,2.987
T-124,2.986
T-125,2.985
T-126,2.984
T-127,2.983
T-128,2.982
T-129,2.981
T-130,2.98
T-131,2.979
T-132,2.978
T-133,2.977
T-134,2.976
T-135,2.975
T-136,2.974
T-137,2.973
T-138,2.972
T-139,2.971
T-140,2.97
T-141,2.971
T-142,2.972
T-143,2.973
T-144,2.974
T-145,2.975
T-146,2.976
T-147,2.977
T-148,2.978
T-149,2.979
T-150,2.98
T-151,2.981
T-152,2.982
T-153,2.983
T-154,2.984
T-155,2.985
T-156,2.986
T-157,2.987
T-158,2.988
T-159,2.989
T-160,2.99
T-161,2.993
T-162,2.996
T-163,2.999
T-164,3.002
T-165,3.005
T-166,3.008
T-167,3.011
T-168,3.014
T-169,3.017
T-170,3.02
T-171,3.023
T-172,3.026
T-173,3.029
T-174,3.032
T-175,3.035
T-176,3.038
T-177,3.041
T-178,3.044
T-179,3.047
T-180,3.05
T-181,3.0535
T-182,3.057
T-183,3.0605
T-184,3.064
T-185,3.0675
T-186,3.071
T-187,3.0745
T-188,3.078
T-189,3.0815
T-190,3.085
T-191,3.0885
T-192,3.092
T-193,3.0955
T-194,3.099
T-195,3.1025
T-196,3.106
T-197,3.1095
T-198,3.113
T-199,3.1165
T-200,3.12
T-201,3.1225
T-202,3.125
T-203,3.1275
T-204,3.13
T-205,3.1325
T-206,3.135
T-207,3.1375
T-208,3.14
T-209,3.1425
T-210,3.145
T-211,3.1475
T-212,3.15
T-213,3.1525
T-214,3.155
T-215,3.1575
T-216,3.16
T-217,3.1625
T-218,3.165
T-219,3.1675
T-220,3.17
T-221,3.174
T-222,3.178
T-223,3.182
T-224,3.186
T-225,3.19
T-226,3.194
T-227,3.198
T-228,3.202
T-229,3.206
T-230,3.21
T-231,3.214
T-232,3.218
T-233,3.222
T-234,3.226
T-235,3.23
T-236,3.234
T-237,3.238
T-238,3.242
T-239,3.246
T-240,3.25
T-241,3.26
T-242,3.27
T-243,3.28
T-244,3.29
T-245,3.3
T-246,3.31
T-247,3.32
T-248,3.33
T-249,3.34
T-250,3.35
T-251,3.36
T-252,3.37
T-253,3.38
T-254,3.39
T-255,3.4
T-256,3.41
T-257,3.42
T-258,3.43
T-259,3.44
T-260,3.45
T-261,3.46
T-262,3.47
T-263,3.48
T-264,3.49
T-265,3.5
T-266,3.51
T-267,3.52
T-268,3.53
T-269,3.54
T-270,3.55
T-271,3.56
T-272,3.57
T-273,3.58
T-274,3.59
T-275,3.6
T-276,3.61
T-277,3.62
T-278,3.63
T-279,3.64
T-280,3.65
T-281,3.653
T-282,3.656
T-283,3.659
T-284,3.662
T-285,3.665
T-286,3.668
T-287,3.671
T-288,3.674
T-289,3.677
T-290,3.68
T-291,3.683
T-292,3.686
T-293,3.689
T-294,3.692
T-295,3.695
T-296,3.698
T-297,3.701
T-298,3.704
T-299,3.707
T-300,3.71
T-301,3.714
T-302,3.718
T-303,3.722
T-304,3.726
T-305,3.73
T-306,3.734
T-307,3.738
T-308,3.742
T-309,3.746
T-310,3.75
T-311,3.754
T-312,3.758
T-313,3.762
T-314,3.766
T-315,3.77
T-316,3.774
T-317,3.778
T-318,3.782
T-319,3.786
T-320,3.79
T-321,3.7935
T-322,3.797
T-323,3.8005
T-324,3.804
T-325,3.8075
T-326,3.811
T-327,3.8145
T-328,3.818
T-329,3.8215
T-330,3.825
T-331,3.8285
T-332,3.832
T-333,3.8355
T-334,3.839
T-335,3.8425
T-336,3.846
T-337,3.8495
T-338,3.853
T-339,3.8565
T-340,3.86
T-341,3.863
T-342,3.866
T-343,3.869
T-344,3.872
T-345,3.875
T-346,3.878
T-347,3.881
T-348,3.884
T-349,3.887
T-350,3.89
T-351,3.893
T-352,3.896
T-353,3.899
T-354,3.902
T-355,3.905
T-356,3.908
T-357,3.911
T-358,3.914
T-359,3.917
T-360,3.92
T-361,3.922
T-362,3.924
T-363,3.926
T-364,3.928
T-365,3.93
T-366,3.932
T-367,3.934
T-368,3.936
T-369,3.938
T-370,3.94
T-371,3.942
T-372,3.944
T-373,3.946
T-374,3.948
T-375,3.95
T-376,3.952
T-377,3.954
T-378,3.956
T-379,3.958
T-380,3.96
T-381,3.9615
T-382,3.963
T-383,3.9645
T-384,3.966
T-385,3.9675
T-386,3.969
T-387,3.9705
T-388,3.972
T-389,3.9735
T-390,3.975
T-391,3.9765
T-392,3.978
T-393,3.9795
T-394,3.981
T-395,3.9825
T-396,3.984
T-397,3.9855
T-398,3.987
T-399,3.9885
T-400,3.99
T-401,3.9915
T-402,3.993
T-403,3.9945
T-404,3.996
T-405,3.9975
T-406,3.999
T-407,4.0005
T-408,4.002
T-409,4.0035
T-410,4.005
T-411,4.0065
T-412,4.008
T-413,4.0095
T-414,4.011
T-415,4.0125
T-416,4.014
T-417,4.0155
T-418,4.017
T-419,4.0185
T-420,4.02
T-421,4.023
T-422,4.026
T-423,4.029
T-424,4.032
T-425,4.035
T-426,4.038
T-427,4.041
T-428,4.044
T-429,4.047
T-430,4.05
T-431,4.053
T-432,4.056
T-433,4.059
T-434,4.062
T-435,4.065
T-436,4.068
T-437,4.071
T-438,4.074
T-439,4.077
T-440,4.08
T-441,4.0845
T-442,4.089
T-443,4.0935
T-444,4.098
T-445,4.1025
T-446,4.107
T-447,4.1115
T-448,4.116
T-449,4.1205
T-450,4.125
T-451,4.1295
T-452,4.134
T-453,4.1385
T-454,4.143
T-455,4.1475
T-456,4.152
T-457,4.1565
T-458,4.161
T-459,4.1655
T-460,4.17
T-461,4.1755
T-462,4.181
T-463,4.1865
T-464,4.192
T-465,4.1975
T-466,4.203
T-467,4.2085
T-468,4.214
T-469,4.2195
T-470,4.225
T-471,4.2305
T-472,4.236
T-473,4.2415
T-474,4.247
T-475,4.2525
T-476,4.258
T-477,4.2635
T-478,4.269
T-479,4.2745
T-480,4.28
T-481,4.2865
T-482,4.293
T-483,4.2995
T-484,4.306
T-485,4.3125
T-486,4.319
T-487,4.3255
T-488,4.332
T-489,4.3385
T-490,4.345
T-491,4.3515
T-492,4.358
T-493,4.3645
T-494,4.371
T-495,4.3775
T-496,4.384
T-497,4.3905
T-498,4.397
T-499,4.4035
T-500,4.41
T-501,4.4165
T-502,4.423
T-503,4.4295
T-504,4.436
T-505,4.4425
T-506,4.449
T-507,4.4555
T-508,4.462
T-509,4.4685
T-510,4.475
T-511,4.4815
T-512,4.488
T-513,4.4945
T-514,4.501
T-515,4.5075
T-516,4.514
T-517,4.5205
T-518,4.527
T-519,4.5335
T-520,4.54
T-521,4.5455
T-522,4.551
T-523,4.5565
T-524,4.562
T-525,4.5675
T-526,4.573
T-527,4.5785
T-528,4.584
T-529,4.5895
T-530,4.595
T-531,4.6005
T-532,4.606
T-533,4.6115
T-534,4.617
T-535,4.6225
T-536,4.628
T-537,4.6335
T-538,4.639
T-539,4.6445
T-540,4.65
T-541,4.6545
T-542,4.659
T-543,4.6635
T-544,4.668
T-545,4.6725
T-546,4.677
T-547,4.6815
T-548,4.686
T-549,4.6905
T-550,4.695
T-551,4.6995
T-552,4.704
T-553,4.7085
T-554,4.713
T-555,4.7175
T-556,4.722
T-557,4.7265
T-558,4.731
T-559,4.7355
T-560,4.74
T-561,4.7425
T-562,4.745
T-563,4.7475
T-564,4.75
T-565,4.7525
T-566,4.755
T-567,4.7575
T-568,4.76
T-569,4.7625
T-570,4.765
T-571,4.7675
T-572,4.77
T-573,4.7725
T-574,4.775
T-575,4.7775
T-576,4.78
T-577,4.7825
T-578,4.785
T-579,4.7875
T-580,4.79
T-581,4.7915
T-582,4.793
T-583,4.7945
T-584,4.796
T-585,4.7975
T-586,4.799
T-587,4.8005
T-588,4.802
T-589,4.8035
T-590,4.805
T-591,4.8065
T-592,4.808
T-593,4.8095
T-594,4.811
T-595,4.8125
T-596,4.814
T-597,4.8155
T-598,4.817
T-599,4.8185
T-600,4.82
F-1,0
F-2,0
F-3,0
F-4,0
F-5,0
F-6,0
F-7,0
F-8,0
F-9,0
F-10,2.3
F-11,2.31
F-12,2.32
F-13,2.33
F-14,2.34
F-15,2.35
F-16,2.36
F-17,2.37
F-18,2.38
F-19,2.39
F-20,2.4
F-21,2.41
F-22,2.42
F-23,2.43
F-24,2.44
F-25,2.45
F-26,2.46
F-27,2.47
F-28,2.48
F-29,2.49
F-30,2.5
F-31,2.51
F-32,2.52
F-33,2.53
F-34,2.54
F-35,2.55
F-36,2.56
F-37,2.57
F-38,2.58
F-39,2.59
F-40,2.6
F-41,2.605
F-42,2.61
F-43,2.615
F-44,2.62
F-45,2.625
F-46,2.63
F-47,2.635
F-48,2.64
F-49,2.645
F-50,2.65
F-51,2.655
F-52,2.66
F-53,2.665
F-54,2.67
F-55,2.675
F-56,2.68
F-57,2.685
F-58,2.69
F-59,2.695
F-60,2.7
F-61,2.7025
F-62,2.705
F-63,2.7075
F-64,2.71
F-65,2.7125
F-66,2.715
F-67,2.7175
F-68,2.72
F-69,2.7225
F-70,2.725
F-71,2.7275
F-72,2.73
F-73,2.7325
F-74,2.735
F-75,2.7375
F-76,2.74
F-77,2.7425
F-78,2.745
F-79,2.7475
F-80,2.75
F-81,2.7525
F-82,2.755
F-83,2.7575
F-84,2.76
F-85,2.7625
F-86,2.765
F-87,2.7675
F-88,2.77
F-89,2.7725
F-90,2.775
F-91,2.7775
F-92,2.78
F-93,2.7825
F-94,2.785
F-95,2.7875
F-96,2.79
F-97,2.7925
F-98,2.795
F-99,2.7975
F-100,2.8
F-101,2.8025
F-102,2.805
F-103,2.8075
F-104,2.81
F-105,2.8125
F-106,2.815
F-107,2.8175
F-108,2.82
F-109,2.8225
F-110,2.825
F-111,2.8275
F-112,2.83
F-113,2.8325
F-114,2.835
F-115,2.8375
F-116,2.84
F-117,2.8425
F-118,2.845
F-119,2.8475
F-120,2.85
F-121,2.8525
F-122,2.855
F-123,2.8575
F-124,2.86
F-125,2.8625
F-126,2.865
F-127,2.8675
F-128,2.87
F-129,2.8725
F-130,2.875
F-131,2.8775
F-132,2.88
F-133,2.8825
F-134,2.885
F-135,2.8875
F-136,2.89
F-137,2.8925
F-138,2.895
F-139,2.8975
F-140,2.9
F-141,2.904
F-142,2.908
F-143,2.912
F-144,2.916
F-145,2.92
F-146,2.924
F-147,2.928
F-148,2.932
F-149,2.936
F-150,2.94
F-151,2.944
F-152,2.948
F-153,2.952
F-154,2.956
F-155,2.96
F-156,2.964
F-157,2.968
F-158,2.972
F-159,2.976
F-160,2.98
F-161,2.985
F-162,2.99
F-163,2.995
F-164,3
F-165,3.005
F-166,3.01
F-167,3.015
F-168,3.02
F-169,3.025
F-170,3.03
F-171,3.035
F-172,3.04
F-173,3.045
F-174,3.05
F-175,3.055
F-176,3.06
F-177,3.065
F-178,3.07
F-179,3.075
F-180,3.08
F-181,3.0855
F-182,3.091
F-183,3.0965
F-184,3.102
F-185,3.1075
F-186,3.113
F-187,3.1185
F-188,3.124
F-189,3.1295
F-190,3.135
F-191,3.1405
F-192,3.146
F-193,3.1515
F-194,3.157
F-195,3.1625
F-196,3.168
F-197,3.1735
F-198,3.179
F-199,3.1845
F-200,3.19
F-201,3.1965
F-202,3.203
F-203,3.2095
F-204,3.216
F-205,3.2225
F-206,3.229
F-207,3.2355
F-208,3.242
F-209,3.2485
F-210,3.255
F-211,3.2615
F-212,3.268
F-213,3.2745
F-214,3.281
F-215,3.2875
F-216,3.294
F-217,3.3005
F-218,3.307
F-219,3.3135
F-220,3.32
F-221,3.3265
F-222,3.333
F-223,3.3395
F-224,3.346
F-225,3.3525
F-226,3.359
F-227,3.3655
F-228,3.372
F-229,3.3785
F-230,3.385
F-231,3.3915
F-232,3.398
F-233,3.4045
F-234,3.411
F-235,3.4175
F-236,3.424
F-237,3.4305
F-238,3.437
F-239,3.4435
F-240,3.45
F-241,3.4565
F-242,3.463
F-243,3.4695
F-244,3.476
F-245,3.4825
F-246,3.489
F-247,3.4955
F-248,3.502
F-249,3.5085
F-250,3.515
F-251,3.5215
F-252,3.528
F-253,3.5345
F-254,3.541
F-255,3.5475
F-256,3.554
F-257,3.5605
F-258,3.567
F-259,3.5735
F-260,3.58
F-261,3.5855
F-262,3.591
F-263,3.5965
F-264,3.602
F-265,3.6075
F-266,3.613
F-267,3.6185
F-268,3.624
F-269,3.6295
F-270,3.635
F-271,3.6405
F-272,3.646
F-273,3.6515
F-274,3.657
F-275,3.6625
F-276,3.668
F-277,3.6735
F-278,3.679
F-279,3.6845
F-280,3.69
F-281,3.6945
F-282,3.699
F-283,3.7035
F-284,3.708
F-285,3.7125
F-286,3.717
F-287,3.7215
F-288,3.726
F-289,3.7305
F-290,3.735
F-291,3.7395
F-292,3.744
F-293,3.7485
F-294,3.753
F-295,3.7575
F-296,3.762
F-297,3.7665
F-298,3.771
F-299,3.7755
F-300,3.78
F-301,3.783
F-302,3.786
F-303,3.789
F-304,3.792
F-305,3.795
F-306,3.798
F-307,3.801
F-308,3.804
F-309,3.807
F-310,3.81
F-311,3.813
F-312,3.816
F-313,3.819
F-314,3.822
F-315,3.825
F-316,3.828
F-317,3.831
F-318,3.834
F-319,3.837
F-320,3.84
F-321,3.842
F-322,3.844
F-323,3.846
F-324,3.848
F-325,3.85
F-326,3.852
F-327,3.854
F-328,3.856
F-329,3.858
F-330,3.86
F-331,3.862
F-332,3.864
F-333,3.866
F-334,3.868
F-335,3.87
F-336,3.872
F-337,3.874
F-338,3.876
F-339,3.878
F-340,3.88
F-341,3.8835
F-342,3.887
F-343,3.8905
F-344,3.894
F-345,3.8975
F-346,3.901
F-347,3.9045
F-348,3.908
F-349,3.9115
F-350,3.915
F-351,3.9185
F-352,3.922
F-353,3.9255
F-354,3.929
F-355,3.9325
F-356,3.936
F-357,3.9395
F-358,3.943
F-359,3.9465
F-360,3.95
F-361,3.954
F-362,3.958
F-363,3.962
F-364,3.966
F-365,3.97
F-366,3.974
F-367,3.978
F-368,3.982
F-369,3.986
F-370,3.99
F-371,3.994
F-372,3.998
F-373,4.002
F-374,4.006
F-375,4.01
F-376,4.014
F-377,4.018
F-378,4.022
F-379,4.026
F-380,4.03
F-381,4.034
F-382,4.038
F-383,4.042
F-384,4.046
F-385,4.05
F-386,4.054
F-387,4.058
F-388,4.062
F-389,4.066
F-390,4.07
F-391,4.074
F-392,4.078
F-393,4.082
F-394,4.086
F-395,4.09
F-396,4.094
F-397,4.098
F-398,4.102
F-399,4.106
F-400,4.11
F-401,4.112
F-402,4.114
F-403,4.116
F-404,4.118
F-405,4.12
F-406,4.122
F-407,4.124
F-408,4.126
F-409,4.128
F-410,4.13
F-411,4.132
F-412,4.134
F-413,4.136
F-414,4.138
F-415,4.14
F-416,4.142
F-417,4.144
F-418,4.146
F-419,4.148
F-420,4.15
F-421,4.1525
F-422,4.155
F-423,4.1575
F-424,4.16
F-425,4.1625
F-426,4.165
F-427,4.1675
F-428,4.17
F-429,4.1725
F-430,4.175
F-431,4.1775
F-432,4.18
F-433,4.1825
F-434,4.185
F-435,4.1875
F-436,4.19
F-437,4.1925
F-438,4.195
F-439,4.1975
F-440,4.2
F-441,4.2045
F-442,4.209
F-443,4.2135
F-444,4.218
F-445,4.2225
F-446,4.227
F-447,4.2315
F-448,4.236
F-449,4.2405
F-450,4.245
F-451,4.2495
F-452,4.254
F-453,4.2585
F-454,4.263
F-455,4.2675
F-456,4.272
F-457,4.2765
F-458,4.281
F-459,4.2855
F-460,4.29
F-461,4.2955
F-462,4.301
F-463,4.3065
F-464,4.312
F-465,4.3175
F-466,4.323
F-467,4.3285
F-468,4.334
F-469,4.3395
F-470,4.345
F-471,4.3505
F-472,4.356
F-473,4.3615
F-474,4.367
F-475,4.3725
F-476,4.378
F-477,4.3835
F-478,4.389
F-479,4.3945
F-480,4.4
F-481,4.4065
F-482,4.413
F-483,4.4195
F-484,4.426
F-485,4.4325
F-486,4.439
F-487,4.4455
F-488,4.452
F-489,4.4585
F-490,4.465
F-491,4.4715
F-492,4.478
F-493,4.4845
F-494,4.491
F-495,4.4975
F-496,4.504
F-497,4.5105
F-498,4.517
F-499,4.5235
F-500,4.53
F-501,4.5365
F-502,4.543
F-503,4.5495
F-504,4.556
F-505,4.5625
F-506,4.569
F-507,4.5755
F-508,4.582
F-509,4.5885
F-510,4.595
F-511,4.6015
F-512,4.608
F-513,4.6145
F-514,4.621
F-515,4.6275
F-516,4.634
F-517,4.6405
F-518,4.647
F-519,4.6535
F-520,4.66
F-521,4.666
F-522,4.672
F-523,4.678
F-524,4.684
F-525,4.69
F-526,4.696
F-527,4.702
F-528,4.708
F-529,4.714
F-530,4.72
F-531,4.726
F-532,4.732
F-533,4.738
F-534,4.744
F-535,4.75
F-536,4.756
F-537,4.762
F-538,4.768
F-539,4.774
F-540,4.78
F-541,4.784
F-542,4.788
F-543,4.792
F-544,4.796
F-545,4.8
F-546,4.804
F-547,4.808
F-548,4.812
F-549,4.816
F-550,4.82
F-551,4.824
F-552,4.828
F-553,4.832
F-554,4.836
F-555,4.84
F-556,4.844
F-557,4.848
F-558,4.852
F-559,4.856
F-560,4.86
F-561,4.8625
F-562,4.865
F-563,4.8675
F-564,4.87
F-565,4.8725
F-566,4.875
F-567,4.8775
F-568,4.88
F-569,4.8825
F-570,4.885
F-571,4.8875
F-572,4.89
F-573,4.8925
F-574,4.895
F-575,4.8975
F-576,4.9
F-577,4.9025
F-578,4.905
F-579,4.9075
F-580,4.91
F-581,4.9115
F-582,4.913
F-583,4.9145
F-584,4.916
F-585,4.9175
F-586,4.919
F-587,4.9205
F-588,4.922
F-589,4.9235
F-590,4.925
F-591,4.9265
F-592,4.928
F-593,4.9295
F-594,4.931
F-595,4.9325
F-596,4.934
F-597,4.9355
F-598,4.937
F-599,4.9385
F-600,4.94
R-1,0
R-2,0
R-3,0
R-4,0
R-5,0
R-6,0
R-7,0
R-8,0
R-9,0
R-10,2.495
R-11,2.5045
R-12,2.514
R-13,2.5235
R-14,2.533
R-15,2.5425
R-16,2.552
R-17,2.5615
R-18,2.571
R-19,2.5805
R-20,2.59
R-21,2.5995
R-22,2.609
R-23,2.6185
R-24,2.628
R-25,2.6375
R-26,2.647
R-27,2.6565
R-28,2.666
R-29,2.6755
R-30,2.685
R-31,2.6945
R-32,2.704
R-33,2.7135
R-34,2.723
R-35,2.7325
R-36,2.742
R-37,2.7515
R-38,2.761
R-39,2.7705
R-40,2.78
R-41,2.7865
R-42,2.793
R-43,2.7995
R-44,2.806
R-45,2.8125
R-46,2.819
R-47,2.8255
R-48,2.832
R-49,2.8385
R-50,2.845
R-51,2.8515
R-52,2.858
R-53,2.8645
R-54,2.871
R-55,2.8775
R-56,2.884
R-57,2.8905
R-58,2.897
R-59,2.9035
R-60,2.91
R-61,2.9125
R-62,2.915
R-63,2.9175
R-64,2.92
R-65,2.9225
R-66,2.925
R-67,2.9275
R-68,2.93
R-69,2.9325
R-70,2.935
R-71,2.9375
R-72,2.94
R-73,2.9425
R-74,2.945
R-75,2.9475
R-76,2.95
R-77,2.9525
R-78,2.955
R-79,2.9575
R-80,2.96
R-81,2.963
R-82,2.966
R-83,2.969
R-84,2.972
R-85,2.975
R-86,2.978
R-87,2.981
R-88,2.984
R-89,2.987
R-90,2.99
R-91,2.993
R-92,2.996
R-93,2.999
R-94,3.002
R-95,3.005
R-96,3.008
R-97,3.011
R-98,3.014
R-99,3.017
R-100,3.02
R-101,3.023
R-102,3.026
R-103,3.029
R-104,3.032
R-105,3.035
R-106,3.038
R-107,3.041
R-108,3.044
R-109,3.047
R-110,3.05
R-111,3.053
R-112,3.056
R-113,3.059
R-114,3.062
R-115,3.065
R-116,3.068
R-117,3.071
R-118,3.074
R-119,3.077
R-120,3.08
R-121,3.0835
R-122,3.087
R-123,3.0905
R-124,3.094
R-125,3.0975
R-126,3.101
R-127,3.1045
R-128,3.108
R-129,3.1115
R-130,3.115
R-131,3.1185
R-132,3.122
R-133,3.1255
R-134,3.129
R-135,3.1325
R-136,3.136
R-137,3.1395
R-138,3.143
R-139,3.1465
R-140,3.15
R-141,3.154
R-142,3.158
R-143,3.162
R-144,3.166
R-145,3.17
R-146,3.174
R-147,3.178
R-148,3.182
R-149,3.186
R-150,3.19
R-151,3.194
R-152,3.198
R-153,3.202
R-154,3.206
R-155,3.21
R-156,3.214
R-157,3.218
R-158,3.222
R-159,3.226
R-160,3.23
R-161,3.234
R-162,3.238
R-163,3.242
R-164,3.246
R-165,3.25
R-166,3.254
R-167,3.258
R-168,3.262
R-169,3.266
R-170,3.27
R-171,3.274
R-172,3.278
R-173,3.282
R-174,3.286
R-175,3.29
R-176,3.294
R-177,3.298
R-178,3.302
R-179,3.306
R-180,3.31
R-181,3.3155
R-182,3.321
R-183,3.3265
R-184,3.332
R-185,3.3375
R-186,3.343
R-187,3.3485
R-188,3.354
R-189,3.3595
R-190,3.365
R-191,3.3705
R-192,3.376
R-193,3.3815
R-194,3.387
R-195,3.3925
R-196,3.398
R-197,3.4035
R-198,3.409
R-199,3.4145
R-200,3.42
R-201,3.4255
R-202,3.431
R-203,3.4365
R-204,3.442
R-205,3.4475
R-206,3.453
R-207,3.4585
R-208,3.464
R-209,3.4695
R-210,3.475
R-211,3.4805
R-212,3.486
R-213,3.4915
R-214,3.497
R-215,3.5025
R-216,3.508
R-217,3.5135
R-218,3.519
R-219,3.5245
R-220,3.53
R-221,3.5355
R-222,3.541
R-223,3.5465
R-224,3.552
R-225,3.5575
R-226,3.563
R-227,3.5685
R-228,3.574
R-229,3.5795
R-230,3.585
R-231,3.5905
R-232,3.596
R-233,3.6015
R-234,3.607
R-235,3.6125
R-236,3.618
R-237,3.6235
R-238,3.629
R-239,3.6345
R-240,3.64
R-241,3.645
R-242,3.65
R-243,3.655
R-244,3.66
R-245,3.665
R-246,3.67
R-247,3.675
R-248,3.68
R-249,3.685
R-250,3.69
R-251,3.695
R-252,3.7
R-253,3.705
R-254,3.71
R-255,3.715
R-256,3.72
R-257,3.725
R-258,3.73
R-259,3.735
R-260,3.74
R-261,3.7445
R-262,3.749
R-263,3.7535
R-264,3.758
R-265,3.7625
R-266,3.767
R-267,3.7715
R-268,3.776
R-269,3.7805
R-270,3.785
R-271,3.7895
R-272,3.794
R-273,3.7985
R-274,3.803
R-275,3.8075
R-276,3.812
R-277,3.8165
R-278,3.821
R-279,3.8255
R-280,3.83
R-281,3.8335
R-282,3.837
R-283,3.8405
R-284,3.844
R-285,3.8475
R-286,3.851
R-287,3.8545
R-288,3.858
R-289,3.8615
R-290,3.865
R-291,3.8685
R-292,3.872
R-293,3.8755
R-294,3.879
R-295,3.8825
R-296,3.886
R-297,3.8895
R-298,3.893
R-299,3.8965
R-300,3.9
R-301,3.9025
R-302,3.905
R-303,3.9075
R-304,3.91
R-305,3.9125
R-306,3.915
R-307,3.9175
R-308,3.92
R-309,3.9225
R-310,3.925
R-311,3.9275
R-312,3.93
R-313,3.9325
R-314,3.935
R-315,3.9375
R-316,3.94
R-317,3.9425
R-318,3.945
R-319,3.9475
R-320,3.95
R-321,3.9535
R-322,3.957
R-323,3.9605
R-324,3.964
R-325,3.9675
R-326,3.971
R-327,3.9745
R-328,3.978
R-329,3.9815
R-330,3.985
R-331,3.9885
R-332,3.992
R-333,3.9955
R-334,3.999
R-335,4.0025
R-336,4.006
R-337,4.0095
R-338,4.013
R-339,4.0165
R-340,4.02
R-341,4.0245
R-342,4.029
R-343,4.0335
R-344,4.038
R-345,4.0425
R-346,4.047
R-347,4.0515
R-348,4.056
R-349,4.0605
R-350,4.065
R-351,4.0695
R-352,4.074
R-353,4.0785
R-354,4.083
R-355,4.0875
R-356,4.092
R-357,4.0965
R-358,4.101
R-359,4.1055
R-360,4.11
R-361,4.115
R-362,4.12
R-363,4.125
R-364,4.13
R-365,4.135
R-366,4.14
R-367,4.145
R-368,4.15
R-369,4.155
R-370,4.16
R-371,4.165
R-372,4.17
R-373,4.175
R-374,4.18
R-375,4.185
R-376,4.19
R-377,4.195
R-378,4.2
R-379,4.205
R-380,4.21
R-381,4.2145
R-382,4.219
R-383,4.2235
R-384,4.228
R-385,4.2325
R-386,4.237
R-387,4.2415
R-388,4.246
R-389,4.2505
R-390,4.255
R-391,4.2595
R-392,4.264
R-393,4.2685
R-394,4.273
R-395,4.2775
R-396,4.282
R-397,4.2865
R-398,4.291
R-399,4.2955
R-400,4.3
R-401,4.302
R-402,4.304
R-403,4.306
R-404,4.308
R-405,4.31
R-406,4.312
R-407,4.314
R-408,4.316
R-409,4.318
R-410,4.32
R-411,4.322
R-412,4.324
R-413,4.326
R-414,4.328
R-415,4.33
R-416,4.332
R-417,4.334
R-418,4.336
R-419,4.338
R-420,4.34
R-421,4.3425
R-422,4.345
R-423,4.3475
R-424,4.35
R-425,4.3525
R-426,4.355
R-427,4.3575
R-428,4.36
R-429,4.3625
R-430,4.365
R-431,4.3675
R-432,4.37
R-433,4.3725
R-434,4.375
R-435,4.3775
R-436,4.38
R-437,4.3825
R-438,4.385
R-439,4.3875
R-440,4.39
R-441,4.3945
R-442,4.399
R-443,4.4035
R-444,4.408
R-445,4.4125
R-446,4.417
R-447,4.4215
R-448,4.426
R-449,4.4305
R-450,4.435
R-451,4.4395
R-452,4.444
R-453,4.4485
R-454,4.453
R-455,4.4575
R-456,4.462
R-457,4.4665
R-458,4.471
R-459,4.4755
R-460,4.48
R-461,4.4855
R-462,4.491
R-463,4.4965
R-464,4.502
R-465,4.5075
R-466,4.513
R-467,4.5185
R-468,4.524
R-469,4.5295
R-470,4.535
R-471,4.5405
R-472,4.546
R-473,4.5515
R-474,4.557
R-475,4.5625
R-476,4.568
R-477,4.5735
R-478,4.579
R-479,4.5845
R-480,4.59
R-481,4.5965
R-482,4.603
R-483,4.6095
R-484,4.616
R-485,4.6225
R-486,4.629
R-487,4.6355
R-488,4.642
R-489,4.6485
R-490,4.655
R-491,4.6615
R-492,4.668
R-493,4.6745
R-494,4.681
R-495,4.6875
R-496,4.694
R-497,4.7005
R-498,4.707
R-499,4.7135
R-500,4.72
R-501,4.7265
R-502,4.733
R-503,4.7395
R-504,4.746
R-505,4.7525
R-506,4.759
R-507,4.7655
R-508,4.772
R-509,4.7785
R-510,4.785
R-511,4.7915
R-512,4.798
R-513,4.8045
R-514,4.811
R-515,4.8175
R-516,4.824
R-517,4.8305
R-518,4.837
R-519,4.8435
R-520,4.85
R-521,4.856
R-522,4.862
R-523,4.868
R-524,4.874
R-525,4.88
R-526,4.886
R-527,4.892
R-528,4.898
R-529,4.904
R-530,4.91
R-531,4.916
R-532,4.922
R-533,4.928
R-534,4.934
R-535,4.94
R-536,4.946
R-537,4.952
R-538,4.958
R-539,4.964
R-540,4.97
R-541,4.974
R-542,4.978
R-543,4.982
R-544,4.986
R-545,4.99
R-546,4.994
R-547,4.998
R-548,5.002
R-549,5.006
R-550,5.01
R-551,5.014
R-552,5.018
R-553,5.022
R-554,5.026
R-555,5.03
R-556,5.034
R-557,5.038
R-558,5.042
R-559,5.046
R-560,5.05
R-561,5.0525
R-562,5.055
R-563,5.0575
R-564,5.06
R-565,5.0625
R-566,5.065
R-567,5.0675
R-568,5.07
R-569,5.0725
R-570,5.075
R-571,5.0775
R-572,5.08
R-573,5.0825
R-574,5.085
R-575,5.0875
R-576,5.09
R-577,5.0925
R-578,5.095
R-579,5.0975
R-580,5.1
R-581,5.1015
R-582,5.103
R-583,5.1045
R-584,5.106
R-585,5.1075
R-586,5.109
R-587,5.1105
R-588,5.112
R-589,5.1135
R-590,5.115
R-591,5.1165
R-592,5.118
R-593,5.1195
R-594,5.121
R-595,5.1225
R-596,5.124
R-597,5.1255
R-598,5.127
R-599,5.1285
R-600,5.13
S-1,0
S-2,0
S-3,0
S-4,0
S-5,2.25
S-6,2.3
S-7,2.35
S-8,2.365
S-9,2.375
S-10,2.385
S-11,2.3995
S-12,2.414
S-13,2.4285
S-14,2.443
S-15,2.4575
S-16,2.472
S-17,2.4865
S-18,2.501
S-19,2.5155
S-20,2.53
S-21,2.5445
S-22,2.559
S-23,2.5735
S-24,2.588
S-25,2.6025
S-26,2.617
S-27,2.6315
S-28,2.646
S-29,2.6605
S-30,2.675
S-31,2.6895
S-32,2.704
S-33,2.7185
S-34,2.733
S-35,2.7475
S-36,2.762
S-37,2.7765
S-38,2.791
S-39,2.8055
S-40,2.82
S-41,2.8365
S-42,2.853
S-43,2.8695
S-44,2.886
S-45,2.9025
S-46,2.919
S-47,2.9355
S-48,2.952
S-49,2.9685
S-50,2.985
S-51,3.0015
S-52,3.018
S-53,3.0345
S-54,3.051
S-55,3.0675
S-56,3.084
S-57,3.1005
S-58,3.117
S-59,3.1335
S-60,3.15
S-61,3.1545
S-62,3.159
S-63,3.1635
S-64,3.168
S-65,3.1725
S-66,3.177
S-67,3.1815
S-68,3.186
S-69,3.1905
S-70,3.195
S-71,3.1995
S-72,3.204
S-73,3.2085
S-74,3.213
S-75,3.2175
S-76,3.222
S-77,3.2265
S-78,3.231
S-79,3.2355
S-80,3.24
S-81,3.2395
S-82,3.239
S-83,3.2385
S-84,3.238
S-85,3.2375
S-86,3.237
S-87,3.2365
S-88,3.236
S-89,3.2355
S-90,3.235
S-91,3.2345
S-92,3.234
S-93,3.2335
S-94,3.233
S-95,3.2325
S-96,3.232
S-97,3.2315
S-98,3.231
S-99,3.2305
S-100,3.23
S-101,3.229
S-102,3.228
S-103,3.227
S-104,3.226
S-105,3.225
S-106,3.224
S-107,3.223
S-108,3.222
S-109,3.221
S-110,3.22
S-111,3.219
S-112,3.218
S-113,3.217
S-114,3.216
S-115,3.215
S-116,3.214
S-117,3.213
S-118,3.212
S-119,3.211
S-120,3.21
S-121,3.2105
S-122,3.211
S-123,3.2115
S-124,3.212
S-125,3.2125
S-126,3.213
S-127,3.2135
S-128,3.214
S-129,3.2145
S-130,3.215
S-131,3.2155
S-132,3.216
S-133,3.2165
S-134,3.217
S-135,3.2175
S-136,3.218
S-137,3.2185
S-138,3.219
S-139,3.2195
S-140,3.22
S-141,3.223
S-142,3.226
S-143,3.229
S-144,3.232
S-145,3.235
S-146,3.238
S-147,3.241
S-148,3.244
S-149,3.247
S-150,3.25
S-151,3.253
S-152,3.256
S-153,3.259
S-154,3.262
S-155,3.265
S-156,3.268
S-157,3.271
S-158,3.274
S-159,3.277
S-160,3.28
S-161,3.286
S-162,3.292
S-163,3.298
S-164,3.304
S-165,3.31
S-166,3.316
S-167,3.322
S-168,3.328
S-169,3.334
S-170,3.34
S-171,3.346
S-172,3.352
S-173,3.358
S-174,3.364
S-175,3.37
S-176,3.376
S-177,3.382
S-178,3.388
S-179,3.394
S-180,3.4
S-181,3.4075
S-182,3.415
S-183,3.4225
S-184,3.43
S-185,3.4375
S-186,3.445
S-187,3.4525
S-188,3.46
S-189,3.4675
S-190,3.475
S-191,3.4825
S-192,3.49
S-193,3.4975
S-194,3.505
S-195,3.5125
S-196,3.52
S-197,3.5275
S-198,3.535
S-199,3.5425
S-200,3.55
S-201,3.5575
S-202,3.565
S-203,3.5725
S-204,3.58
S-205,3.5875
S-206,3.595
S-207,3.6025
S-208,3.61
S-209,3.6175
S-210,3.625
S-211,3.6325
S-212,3.64
S-213,3.6475
S-214,3.655
S-215,3.6625
S-216,3.67
S-217,3.6775
S-218,3.685
S-219,3.6925
S-220,3.7
S-221,3.707
S-222,3.714
S-223,3.721
S-224,3.728
S-225,3.735
S-226,3.742
S-227,3.749
S-228,3.756
S-229,3.763
S-230,3.77
S-231,3.777
S-232,3.784
S-233,3.791
S-234,3.798
S-235,3.805
S-236,3.812
S-237,3.819
S-238,3.826
S-239,3.833
S-240,3.84
S-241,3.8445
S-242,3.849
S-243,3.8535
S-244,3.858
S-245,3.8625
S-246,3.867
S-247,3.8715
S-248,3.876
S-249,3.8805
S-250,3.885
S-251,3.8895
S-252,3.894
S-253,3.8985
S-254,3.903
S-255,3.9075
S-256,3.912
S-257,3.9165
S-258,3.921
S-259,3.9255
S-260,3.93
S-261,3.9335
S-262,3.937
S-263,3.9405
S-264,3.944
S-265,3.9475
S-266,3.951
S-267,3.9545
S-268,3.958
S-269,3.9615
S-270,3.965
S-271,3.9685
S-272,3.972
S-273,3.9755
S-274,3.979
S-275,3.9825
S-276,3.986
S-277,3.9895
S-278,3.993
S-279,3.9965
S-280,4
S-281,4.002
S-282,4.004
S-283,4.006
S-284,4.008
S-285,4.01
S-286,4.012
S-287,4.014
S-288,4.016
S-289,4.018
S-290,4.02
S-291,4.022
S-292,4.024
S-293,4.026
S-294,4.028
S-295,4.03
S-296,4.032
S-297,4.034
S-298,4.036
S-299,4.038
S-300,4.04
S-301,4.044
S-302,4.048
S-303,4.052
S-304,4.056
S-305,4.06
S-306,4.064
S-307,4.068
S-308,4.072
S-309,4.076
S-310,4.08
S-311,4.084
S-312,4.088
S-313,4.092
S-314,4.096
S-315,4.1
S-316,4.104
S-317,4.108
S-318,4.112
S-319,4.116
S-320,4.12
S-321,4.127
S-322,4.134
S-323,4.141
S-324,4.148
S-325,4.155
S-326,4.162
S-327,4.169
S-328,4.176
S-329,4.183
S-330,4.19
S-331,4.197
S-332,4.204
S-333,4.211
S-334,4.218
S-335,4.225
S-336,4.232
S-337,4.239
S-338,4.246
S-339,4.253
S-340,4.26
S-341,4.2675
S-342,4.275
S-343,4.2825
S-344,4.29
S-345,4.2975
S-346,4.305
S-347,4.3125
S-348,4.32
S-349,4.3275
S-350,4.335
S-351,4.3425
S-352,4.35
S-353,4.3575
S-354,4.365
S-355,4.3725
S-356,4.38
S-357,4.3875
S-358,4.395
S-359,4.4025
S-360,4.41
S-361,4.417
S-362,4.424
S-363,4.431
S-364,4.438
S-365,4.445
S-366,4.452
S-367,4.459
S-368,4.466
S-369,4.473
S-370,4.48
S-371,4.487
S-372,4.494
S-373,4.501
S-374,4.508
S-375,4.515
S-376,4.522
S-377,4.529
S-378,4.536
S-379,4.543
S-380,4.55
S-381,4.557
S-382,4.564
S-383,4.571
S-384,4.578
S-385,4.585
S-386,4.592
S-387,4.599
S-388,4.606
S-389,4.613
S-390,4.62
S-391,4.627
S-392,4.634
S-393,4.641
S-394,4.648
S-395,4.655
S-396,4.662
S-397,4.669
S-398,4.676
S-399,4.683
S-400,4.69
S-401,4.692
S-402,4.694
S-403,4.696
S-404,4.698
S-405,4.7
S-406,4.702
S-407,4.704
S-408,4.706
S-409,4.708
S-410,4.71
S-411,4.712
S-412,4.714
S-413,4.716
S-414,4.718
S-415,4.72
S-416,4.722
S-417,4.724
S-418,4.726
S-419,4.728
S-420,4.73
S-421,4.7325
S-422,4.735
S-423,4.7375
S-424,4.74
S-425,4.7425
S-426,4.745
S-427,4.7475
S-428,4.75
S-429,4.7525
S-430,4.755
S-431,4.7575
S-432,4.76
S-433,4.7625
S-434,4.765
S-435,4.7675
S-436,4.77
S-437,4.7725
S-438,4.775
S-439,4.7775
S-440,4.78
S-441,4.7845
S-442,4.789
S-443,4.7935
S-444,4.798
S-445,4.8025
S-446,4.807
S-447,4.8115
S-448,4.816
S-449,4.8205
S-450,4.825
S-451,4.8295
S-452,4.834
S-453,4.8385
S-454,4.843
S-455,4.8475
S-456,4.852
S-457,4.8565
S-458,4.861
S-459,4.8655
S-460,4.87
S-461,4.8755
S-462,4.881
S-463,4.8865
S-464,4.892
S-465,4.8975
S-466,4.903
S-467,4.9085
S-468,4.914
S-469,4.9195
S-470,4.925
S-471,4.9305
S-472,4.936
S-473,4.9415
S-474,4.947
S-475,4.9525
S-476,4.958
S-477,4.9635
S-478,4.969
S-479,4.9745
S-480,4.98
S-481,4.9865
S-482,4.993
S-483,4.9995
S-484,5.006
S-485,5.0125
S-486,5.019
S-487,5.0255
S-488,5.032
S-489,5.0385
S-490,5.045
S-491,5.0515
S-492,5.058
S-493,5.0645
S-494,5.071
S-495,5.0775
S-496,5.084
S-497,5.0905
S-498,5.097
S-499,5.1035
S-500,5.11
S-501,5.1165
S-502,5.123
S-503,5.1295
S-504,5.136
S-505,5.1425
S-506,5.149
S-507,5.1555
S-508,5.162
S-509,5.1685
S-510,5.175
S-511,5.1815
S-512,5.188
S-513,5.1945
S-514,5.201
S-515,5.2075
S-516,5.214
S-517,5.2205
S-518,5.227
S-519,5.2335
S-520,5.24
S-521,5.246
S-522,5.252
S-523,5.258
S-524,5.264
S-525,5.27
S-526,5.276
S-527,5.282
S-528,5.288
S-529,5.294
S-530,5.3
S-531,5.306
S-532,5.312
S-533,5.318
S-534,5.324
S-535,5.33
S-536,5.336
S-537,5.342
S-538,5.348
S-539,5.354
S-540,5.36
S-541,5.364
S-542,5.368
S-543,5.372
S-544,5.376
S-545,5.38
S-546,5.384
S-547,5.388
S-548,5.392
S-549,5.396
S-550,5.4
S-551,5.404
S-552,5.408
S-553,5.412
S-554,5.416
S-555,5.42
S-556,5.424
S-557,5.428
S-558,5.432
S-559,5.436
S-560,5.44
S-561,5.4425
S-562,5.445
S-563,5.4475
S-564,5.45
S-565,5.4525
S-566,5.455
S-567,5.4575
S-568,5.46
S-569,5.4625
S-570,5.465
S-571,5.4675
S-572,5.47
S-573,5.4725
S-574,5.475
S-575,5.4775
S-576,5.48
S-577,5.4825
S-578,5.485
S-579,5.4875
S-580,5.49
S-581,5.4915
S-582,5.493
S-583,5.4945
S-584,5.496
S-585,5.4975
S-586,5.499
S-587,5.5005
S-588,5.502
S-589,5.5035
S-590,5.505
S-591,5.5065
S-592,5.508
S-593,5.5095
S-594,5.511
S-595,5.5125
S-596,5.514
S-597,5.5155
S-598,5.517
S-599,5.5185
S-600,5.52
X-1,0
X-2,0
X-3,0
X-4,0
X-5,0
X-6,0
X-7,0
X-8,0
X-9,0
X-10,0
X-11,0
X-12,0
X-13,0
X-14,0
X-15,0
X-16,0
X-17,0
X-18,0
X-19,0
X-20,0
X-21,0
X-22,0
X-23,0
X-24,0
X-25,0
X-26,0
X-27,0
X-28,0
X-29,0
X-30,0
X-31,0
X-32,0
X-33,0
X-34,0
X-35,0
X-36,0
X-37,0
X-38,0
X-39,0
X-40,0
X-41,0
X-42,0
X-43,0
X-44,0
X-45,0
X-46,0
X-47,0
X-48,0
X-49,0
X-50,0
X-51,0
X-52,0
X-53,0
X-54,0
X-55,0
X-56,0
X-57,0
X-58,0
X-59,0
X-60,0
X-61,0
X-62,0
X-63,0
X-64,0
X-65,0
X-66,0
X-67,0
X-68,0
X-69,0
X-70,0
X-71,0
X-72,0
X-73,0
X-74,0
X-75,0
X-76,0
X-77,0
X-78,0
X-79,0
X-80,0
X-81,3.781
X-82,3.782
X-83,3.783
X-84,3.784
X-85,3.785
X-86,3.786
X-87,3.787
X-88,3.788
X-89,3.789
X-90,3.79
X-91,3.791
X-92,3.792
X-93,3.793
X-94,3.794
X-95,3.795
X-96,3.796
X-97,3.797
X-98,3.798
X-99,3.799
X-100,3.8
X-101,3.799
X-102,3.798
X-103,3.797
X-104,3.796
X-105,3.795
X-106,3.794
X-107,3.793
X-108,3.792
X-109,3.791
X-110,3.79
X-111,3.789
X-112,3.788
X-113,3.787
X-114,3.786
X-115,3.785
X-116,3.784
X-117,3.783
X-118,3.782
X-119,3.781
X-120,3.78
X-121,3.781
X-122,3.782
X-123,3.783
X-124,3.784
X-125,3.785
X-126,3.786
X-127,3.787
X-128,3.788
X-129,3.789
X-130,3.79
X-131,3.791
X-132,3.792
X-133,3.793
X-134,3.794
X-135,3.795
X-136,3.796
X-137,3.797
X-138,3.798
X-139,3.799
X-140,3.8
X-141,3.8005
X-142,3.801
X-143,3.8015
X-144,3.802
X-145,3.8025
X-146,3.803
X-147,3.8035
X-148,3.804
X-149,3.8045
X-150,3.805
X-151,3.8055
X-152,3.806
X-153,3.8065
X-154,3.807
X-155,3.8075
X-156,3.808
X-157,3.8085
X-158,3.809
X-159,3.8095
X-160,3.81
X-161,3.8105
X-162,3.811
X-163,3.8115
X-164,3.812
X-165,3.8125
X-166,3.813
X-167,3.8135
X-168,3.814
X-169,3.8145
X-170,3.815
X-171,3.8155
X-172,3.816
X-173,3.8165
X-174,3.817
X-175,3.8175
X-176,3.818
X-177,3.8185
X-178,3.819
X-179,3.8195
X-180,3.82
X-181,3.8225
X-182,3.825
X-183,3.8275
X-184,3.83
X-185,3.8325
X-186,3.835
X-187,3.8375
X-188,3.84
X-189,3.8425
X-190,3.845
X-191,3.8475
X-192,3.85
X-193,3.8525
X-194,3.855
X-195,3.8575
X-196,3.86
X-197,3.8625
X-198,3.865
X-199,3.8675
X-200,3.87
X-201,3.8725
X-202,3.875
X-203,3.8775
X-204,3.88
X-205,3.8825
X-206,3.885
X-207,3.8875
X-208,3.89
X-209,3.8925
X-210,3.895
X-211,3.8975
X-212,3.9
X-213,3.9025
X-214,3.905
X-215,3.9075
X-216,3.91
X-217,3.9125
X-218,3.915
X-219,3.9175
X-220,3.92
X-221,3.9225
X-222,3.925
X-223,3.9275
X-224,3.93
X-225,3.9325
X-226,3.935
X-227,3.9375
X-228,3.94
X-229,3.9425
X-230,3.945
X-231,3.9475
X-232,3.95
X-233,3.9525
X-234,3.955
X-235,3.9575
X-236,3.96
X-237,3.9625
X-238,3.965
X-239,3.9675
X-240,3.97
X-241,3.973
X-242,3.976
X-243,3.979
X-244,3.982
X-245,3.985
X-246,3.988
X-247,3.991
X-248,3.994
X-249,3.997
X-250,4
X-251,4.003
X-252,4.006
X-253,4.009
X-254,4.012
X-255,4.015
X-256,4.018
X-257,4.021
X-258,4.024
X-259,4.027
X-260,4.03
X-261,4.0335
X-262,4.037
X-263,4.0405
X-264,4.044
X-265,4.0475
X-266,4.051
X-267,4.0545
X-268,4.058
X-269,4.0615
X-270,4.065
X-271,4.0685
X-272,4.072
X-273,4.0755
X-274,4.079
X-275,4.0825
X-276,4.086
X-277,4.0895
X-278,4.093
X-279,4.0965
X-280,4.1
X-281,4.105
X-282,4.11
X-283,4.115
X-284,4.12
X-285,4.125
X-286,4.13
X-287,4.135
X-288,4.14
X-289,4.145
X-290,4.15
X-291,4.155
X-292,4.16
X-293,4.165
X-294,4.17
X-295,4.175
X-296,4.18
X-297,4.185
X-298,4.19
X-299,4.195
X-300,4.2
X-301,4.2055
X-302,4.211
X-303,4.2165
X-304,4.222
X-305,4.2275
X-306,4.233
X-307,4.2385
X-308,4.244
X-309,4.2495
X-310,4.255
X-311,4.2605
X-312,4.266
X-313,4.2715
X-314,4.277
X-315,4.2825
X-316,4.288
X-317,4.2935
X-318,4.299
X-319,4.3045
X-320,4.31
X-321,4.3165
X-322,4.323
X-323,4.3295
X-324,4.336
X-325,4.3425
X-326,4.349
X-327,4.3555
X-328,4.362
X-329,4.3685
X-330,4.375
X-331,4.3815
X-332,4.388
X-333,4.3945
X-334,4.401
X-335,4.4075
X-336,4.414
X-337,4.4205
X-338,4.427
X-339,4.4335
X-340,4.44
X-341,4.446
X-342,4.452
X-343,4.458
X-344,4.464
X-345,4.47
X-346,4.476
X-347,4.482
X-348,4.488
X-349,4.494
X-350,4.5
X-351,4.506
X-352,4.512
X-353,4.518
X-354,4.524
X-355,4.53
X-356,4.536
X-357,4.542
X-358,4.548
X-359,4.554
X-360,4.56
X-361,4.565
X-362,4.57
X-363,4.575
X-364,4.58
X-365,4.585
X-366,4.59
X-367,4.595
X-368,4.6
X-369,4.605
X-370,4.61
X-371,4.615
X-372,4.62
X-373,4.625
X-374,4.63
X-375,4.635
X-376,4.64
X-377,4.645
X-378,4.65
X-379,4.655
X-380,4.66
X-381,4.6645
X-382,4.669
X-383,4.6735
X-384,4.678
X-385,4.6825
X-386,4.687
X-387,4.6915
X-388,4.696
X-389,4.7005
X-390,4.705
X-391,4.7095
X-392,4.714
X-393,4.7185
X-394,4.723
X-395,4.7275
X-396,4.732
X-397,4.7365
X-398,4.741
X-399,4.7455
X-400,4.75
X-401,4.752
X-402,4.754
X-403,4.756
X-404,4.758
X-405,4.76
X-406,4.762
X-407,4.764
X-408,4.766
X-409,4.768
X-410,4.77
X-411,4.772
X-412,4.774
X-413,4.776
X-414,4.778
X-415,4.78
X-416,4.782
X-417,4.784
X-418,4.786
X-419,4.788
X-420,4.79
X-421,4.7925
X-422,4.795
X-423,4.7975
X-424,4.8
X-425,4.8025
X-426,4.805
X-427,4.8075
X-428,4.81
X-429,4.8125
X-430,4.815
X-431,4.8175
X-432,4.82
X-433,4.8225
X-434,4.825
X-435,4.8275
X-436,4.83
X-437,4.8325
X-438,4.835
X-439,4.8375
X-440,4.84
X-441,4.8445
X-442,4.849
X-443,4.8535
X-444,4.858
X-445,4.8625
X-446,4.867
X-447,4.8715
X-448,4.876
X-449,4.8805
X-450,4.885
X-451,4.8895
X-452,4.894
X-453,4.8985
X-454,4.903
X-455,4.9075
X-456,4.912
X-457,4.9165
X-458,4.921
X-459,4.9255
X-460,4.93
X-461,4.9355
X-462,4.941
X-463,4.9465
X-464,4.952
X-465,4.9575
X-466,4.963
X-467,4.9685
X-468,4.974
X-469,4.9795
X-470,4.985
X-471,4.9905
X-472,4.996
X-473,5.0015
X-474,5.007
X-475,5.0125
X-476,5.018
X-477,5.0235
X-478,5.029
X-479,5.0345
X-480,5.04
X-481,5.0465
X-482,5.053
X-483,5.0595
X-484,5.066
X-485,5.0725
X-486,5.079
X-487,5.0855
X-488,5.092
X-489,5.0985
X-490,5.105
X-491,5.1115
X-492,5.118
X-493,5.1245
X-494,5.131
X-495,5.1375
X-496,5.144
X-497,5.1505
X-498,5.157
X-499,5.1635
X-500,5.17
X-501,5.1765
X-502,5.183
X-503,5.1895
X-504,5.196
X-505,5.2025
X-506,5.209
X-507,5.2155
X-508,5.222
X-509,5.2285
X-510,5.235
X-511,5.2415
X-512,5.248
X-513,5.2545
X-514,5.261
X-515,5.2675
X-516,5.274
X-517,5.2805
X-518,5.287
X-519,5.2935
X-520,5.3
X-521,5.306
X-522,5.312
X-523,5.318
X-524,5.324
X-525,5.33
X-526,5.336
X-527,5.342
X-528,5.348
X-529,5.354
X-530,5.36
X-531,5.366
X-532,5.372
X-533,5.378
X-534,5.384
X-535,5.39
X-536,5.396
X-537,5.402
X-538,5.408
X-539,5.414
X-540,5.42
X-541,5.424
X-542,5.428
X-543,5.432
X-544,5.436
X-545,5.44
X-546,5.444
X-547,5.448
X-548,5.452
X-549,5.456
X-550,5.46
X-551,5.464
X-552,5.468
X-553,5.472
X-554,5.476
X-555,5.48
X-556,5.484
X-557,5.488
X-558,5.492
X-559,5.496
X-560,5.5
X-561,5.5025
X-562,5.505
X-563,5.5075
X-564,5.51
X-565,5.5125
X-566,5.515
X-567,5.5175
X-568,5.52
X-569,5.5225
X-570,5.525
X-571,5.5275
X-572,5.53
X-573,5.5325
X-574,5.535
X-575,5.5375
X-576,5.54
X-577,5.5425
X-578,5.545
X-579,5.5475
X-580,5.55
X-581,5.5515
X-582,5.553
X-583,5.5545
X-584,5.556
X-585,5.5575
X-586,5.559
X-587,5.5605
X-588,5.562
X-589,5.5635
X-590,5.565
X-591,5.5665
X-592,5.568
X-593,5.5695
X-594,5.571
X-595,5.5725
X-596,5.574
X-597,5.5755
X-598,5.577
X-599,5.5785
X-600,5.58
G-0,0
G-1,1.001
G-2,1.009
G-3,1.053
G-4,1.147
G-5,1.256
G-6,1.357
G-7,1.443
G-8,1.515
G-9,1.575
G-10,1.626
G-11,1.669
G-12,1.705
G-13,1.737
G-14,1.765
G-15,1.79
G-16,1.811
G-17,1.83
G-18,1.848
G-19,1.863
G-20,1.878
G-21,1.891
G-22,1.903
G-23,1.914
G-24,1.924
G-25,1.934
G-26,1.944
G-27,1.953
G-28,1.961
G-29,1.97
G-30,1.978
G-31,1.993
G-32,1.993
G-33,2.001
G-34,2.009
G-35,2.016
G-36,2.024
G-37,2.032
G-38,2.039
G-39,2.047
G-40,2.055
G-41,2.062
G-42,2.07
G-43,2.078
G-44,2.086
G-45,2.094
G-46,2.102
G-47,2.11
G-48,2.118
G-49,2.127
G-50,2.135
G-51,2.143
G-52,2.152
G-53,2.16
G-54,2.168
G-55,2.177
G-56,2.185
G-57,2.193
G-58,2.202
G-59,2.21
G-60,2.218
G-61,2.226
G-62,2.234
G-63,2.242
G-64,2.25
G-65,2.257
G-66,2.265
G-67,2.272
G-68,2.279
G-69,2.286
G-70,2.293
G-71,2.299
G-72,2.306
G-73,2.312
G-74,2.318
G-75,2.324
G-76,2.329
G-77,2.334
G-78,2.339
G-79,2.344
G-80,2.349
G-81,2.353
G-82,2.357
G-83,2.361
G-84,2.364
G-85,2.367
G-86,2.37
G-87,2.373
G-88,2.375
G-89,2.377
G-90,2.379
G-91,2.381
G-92,2.382
G-93,2.383
G-94,2.384
G-95,2.384
G-96,2.384
G-97,2.384
G-98,2.383
G-99,2.383
G-100,2.382
G-101,2.384
G-102,2.385
G-103,2.385
G-104,2.385
G-105,2.386
G-106,2.386
G-107,2.386
G-108,2.386
G-109,2.386
G-110,2.387
G-111,2.387
G-112,2.387
G-113,2.388
G-114,2.388
G-115,2.384
G-116,0
G-117,0
G-118,0
G-119,0
G-120,0
G-121,0
G-122,0
G-123,0
G-124,0
G-125,0
G-126,0
G-127,0
G-128,0
G-129,0
G-130,0
G-131,0
G-132,0
G-133,0
G-134,0
G-135,0
G-136,0
G-137,0
G-138,0
G-139,0
G-140,0
G-141,0
G-142,0
G-143,0
G-144,0
G-145,0
G-146,0
G-147,0
G-148,0
G-149,0
G-150,0
G-151,0
G-152,0
G-153,0
G-154,0
G-155,0
G-156,0
G-157,0
G-158,0
G-159,0
G-160,0
G-161,0
G-162,0
G-163,0
G-164,0
G-165,0
G-166,0
G-167,0
G-168,0
G-169,0
G-170,0
G-171,0
G-172,0
G-173,0
G-174,0
G-175,0
G-176,0
G-177,0
G-178,0
G-179,0
G-180,0
G-181,0
G-182,0
G-183,0
G-184,0
G-185,0
G-186,0
G-187,0
G-188,0
G-189,0
G-190,0
G-191,0
G-192,0
G-193,0
G-194,0
G-195,0
G-196,0
G-197,0
G-198,0
G-199,0
G-200,0
G-201,0
G-202,0
G-203,0
G-204,0
G-205,0
G-206,0
G-207,0
G-208,0
G-209,0
G-210,0
G-211,0
G-212,0
G-213,0
G-214,0
G-215,0
G-216,0
G-217,0
G-218,0
G-219,0
G-220,0
G-221,0
G-222,0
G-223,0
G-224,0
G-225,0
G-226,0
G-227,0
G-228,0
G-229,0
G-230,0
G-231,0
G-232,0
G-233,0
G-234,0
G-235,0
G-236,0
G-237,0
G-238,0
G-239,0
G-240,0
G-241,0
G-242,0
G-243,0
G-244,0
G-245,0
G-246,0
G-247,0
G-248,0
G-249,0
G-250,0
G-251,0
G-252,0
G-253,0
G-254,0
G-255,0
G-256,0
G-257,0
G-258,0
G-259,0
G-260,0
G-261,0
G-262,0
G-263,0
G-264,0
G-265,0
G-266,0
G-267,0
G-268,0
G-269,0
G-270,0
G-271,0
G-272,0
G-273,0
G-274,0
G-275,0
G-276,0
G-277,0
G-278,0
G-279,0
G-280,0
G-281,0
G-282,0
G-283,0
G-284,0
G-285,0
G-286,0
G-287,0
G-288,0
G-289,0
G-290,0
G-291,0
G-292,0
G-293,0
G-294,0
G-295,0
G-296,0
G-297,0
G-298,0
G-299,0
G-300,0
G-301,0
G-302,0
G-303,0
G-304,0
G-305,0
G-306,0
G-307,0
G-308,0
G-309,0
G-310,0
G-311,0
G-312,0
G-313,0
G-314,0
G-315,0
G-316,0
G-317,0
G-318,0
G-319,0
G-320,0
G-321,0
G-322,0
G-323,0
G-324,0
G-325,0
G-326,0
G-327,0
G-328,0
G-329,0
G-330,0
G-331,0
G-332,0
G-333,0
G-334,0
G-335,0
G-336,0
G-337,0
G-338,0
G-339,0
G-340,0
G-341,0
G-342,0
G-343,0
G-344,0
G-345,0
G-346,0
G-347,0
G-348,0
G-349,0
G-350,0
G-351,0
G-352,0
G-353,0
G-354,0
G-355,0
G-356,0
G-357,0
G-358,0
G-359,0
G-360,0
G-361,0
G-362,0
G-363,0
G-364,0
G-365,0
G-366,0
G-367,0
G-368,0
G-369,0
G-370,0
G-371,0
G-372,0
G-373,0
G-374,0
G-375,0
G-376,0
G-377,0
G-378,0
G-379,0
G-380,0
G-381,0
G-382,0
G-383,0
G-384,0
G-385,0
G-386,0
G-387,0
G-388,0
G-389,0
G-390,0
G-391,0
G-392,0
G-393,0
G-394,0
G-395,0
G-396,0
G-397,0
G-398,0
G-399,0
G-400,0
G-401,0
G-402,0
G-403,0
G-404,0
G-405,0
G-406,0
G-407,0
G-408,0
G-409,0
G-410,0
G-411,0
G-412,0
G-413,0
G-414,0
G-415,0
G-416,0
G-417,0
G-418,0
G-419,0
G-420,0
G-421,0
G-422,0
G-423,0
G-424,0
G-425,0
G-426,0
G-427,0
G-428,0
G-429,0
G-430,0
G-431,0
G-432,0
G-433,0
G-434,0
G-435,0
G-436,0
G-437,0
G-438,0
G-439,0
G-440,0
G-441,0
G-442,0
G-443,0
G-444,0
G-445,0
G-446,0
G-447,0
G-448,0
G-449,0
G-450,0
G-451,0
G-452,0
G-453,0
G-454,0
G-455,0
G-456,0
G-457,0
G-458,0
G-459,0
G-460,0
G-461,0
G-462,0
G-463,0
G-464,0
G-465,0
G-466,0
G-467,0
G-468,0
G-469,0
G-470,0
G-471,0
G-472,0
G-473,0
G-474,0
G-475,0
G-476,0
G-477,0
G-478,0
G-479,0
G-480,0
G-481,0
G-482,0
G-483,0
G-484,0
G-485,0
G-486,0
G-487,0
G-488,0
G-489,0
G-490,0
G-491,0
G-492,0
G-493,0
G-494,0
G-495,0
G-496,0
G-497,0
G-498,0
G-499,0
G-500,0
G-501,0
G-502,0
G-503,0
G-504,0
G-505,0
G-506,0
G-507,0
G-508,0
G-509,0
G-510,0
G-511,0
G-512,0
G-513,0
G-514,0
G-515,0
G-516,0
G-517,0
G-518,0
G-519,0
G-520,0
G-521,0
G-522,0
G-523,0
G-524,0
G-525,0
G-526,0
G-527,0
G-528,0
G-529,0
G-530,0
G-531,0
G-532,0
G-533,0
G-534,0
G-535,0
G-536,0
G-537,0
G-538,0
G-539,0
G-540,0
G-541,0
G-542,0
G-543,0
G-544,0
G-545,0
G-546,0
G-547,0
G-548,0
G-549,0
G-550,0
G-551,0
G-552,0
G-553,0
G-554,0
G-555,0
G-556,0
G-557,0
G-558,0
G-559,0
G-560,0
G-561,0
G-562,0
G-563,0
G-564,0
G-565,0
G-566,0
G-567,0
G-568,0
G-569,0
G-570,0
G-571,0
G-572,0
G-573,0
G-574,0
G-575,0
G-576,0
G-577,0
G-578,0
G-579,0
G-580,0
G-581,0
G-582,0
G-583,0
G-584,0
G-585,0
G-586,0
G-587,0
G-588,0
G-589,0
G-590,0
G-591,0
G-592,0
G-593,0
G-594,0
G-595,0
G-596,0
G-597,0
G-598,0
G-599,0
G-600,0
